{"materials":[{"id":-15302,"path":"Default UI Material","assetBundleId":-1,"data":["Default UI Material",4,60,3000,0,[["_StencilComp",8],["_Stencil",0],["_StencilOp",0],["_StencilWriteMask",255],["_StencilReadMask",255],["_ColorMask",15],["_UseUIAlphaClip",0]],[["_Color",1,1,1,1]],[["_MainTex_ST",1,1,0,0]],[["_MainTex",null,null]],[]]}],"scenes":[{"id":0,"name":"SampleScene","path":"Assets/Scenes/SampleScene.unity","assetBundleId":-1,"data":["SampleScene",0,1],"objects":[{"id":42840,"path":"Main Camera","assetBundleId":0,"components":[{"type":0,"id":42844,"data":[1.77777779102325,1,5,0.192156866192818,0.301960796117783,0.474509805440903,0,0.300000011920929,1000,60,-1,2,-1,[0,0,1,1],null,null,0,50,36,24,0,0,2,0,1,1]},{"type":1,"id":42842,"data":[]},{"type":2,"id":42848,"enabled":1,"class":3,"data":["","",1]}],"children":[],"data":["Main Camera",4,1,0,0]}],"render_settings":{"data":[1,1,3,0.211999997496605,0.226999998092651,0.25900000333786,1,0.211999997496605,0.226999998092651,0.25900000333786,1,0.0469999983906746,0.0430000014603138,0.0350000001490116,1,0.114000000059605,0.125,0.133000001311302,1,0.5,0.5,0.5,1,300,0,0.00999999977648258,0,null,null,3,[],[[0,0],[0,0],[0,0],[0,0],[0,0],[0,0]],1,2,1,[0.03696759,0,0,0,0,0,0,0,0,0.04214946,0,0,0,0,0,0,0,0,0.05455384,0,0,0,0,0,0,0,0],[0,0,0,0,0,0,0,0,0,0,0,0,0,0,0,0,0,0,0,0,0,0,0,0,0,0,0],0,null,null,null,null,0,128,0,4,0,0,1]},"transform_ids":[42846],"local_positions":[0,0,-10],"local_rotations":[0,0,0,1],"local_scales":[1,1,1],"shaders":[270,96,60],"transforms":{"marker":[0,40],"count":1,"offsets":{"positions":0,"rotations":3,"scales":7}},"transformsIds":{"marker":[40,4],"offsets":{"indices":0}}}],"shaders":[{"id":96,"assetBundleId":-1,"data":[[],"Hidden/InternalErrorShader",null,[],[[0,0,"",0,"",0,[4,null],[1,null],[2,null],[[1,null],[0,null],[0,null]],[[1,null],[0,null],[0,null]],[15,null],[0,null],[0,null],[0,null],[255,null],[255,null],[[0,null],[0,null],[0,null],[8,null]],[[0,null],[0,null],[0,null],[8,null]],[[0,null],[0,null],[0,null],[8,null]],[],[],[],[[0,0,[],8,9,1,0]],[],0],[1,0,"DepthNormalsOnly",0,"",0,[4,null],[1,null],[2,null],[[1,null],[0,null],[0,null]],[[1,null],[0,null],[0,null]],[0,null],[0,null],[0,null],[0,null],[255,null],[255,null],[[0,null],[0,null],[0,null],[8,null]],[[0,null],[0,null],[0,null],[8,null]],[[0,null],[0,null],[0,null],[8,null]],[["LIGHTMODE","DepthNormalsOnly"]],[],[],[[1,0,[],8,9,1,0]],[],0],[2,0,"DepthOnly",13,"",0,[4,null],[1,null],[2,null],[[1,null],[0,null],[0,null]],[[1,null],[0,null],[0,null]],[0,null],[0,null],[0,null],[0,null],[255,null],[255,null],[[0,null],[0,null],[0,null],[8,null]],[[0,null],[0,null],[0,null],[8,null]],[[0,null],[0,null],[0,null],[8,null]],[["LIGHTMODE","DepthOnly"]],[],[],[[2,0,[],8,9,1,0]],[],0]],[],[],null,null,0,1,0,0,0]}]}