{"materials":[{"id":-2214,"path":"Default UI Material","assetBundleId":-1,"data":["Default UI Material",6,28,3000,0,[["_StencilComp",8],["_Stencil",0],["_StencilOp",0],["_StencilWriteMask",255],["_StencilReadMask",255],["_ColorMask",15],["_UseUIAlphaClip",0]],[["_Color",1,1,1,1]],[["_MainTex_ST",1,1,0,0]],[["_MainTex",null,null]],[]]}],"scenes":[{"id":0,"name":"SampleScene","path":"Assets/Scenes/SampleScene.unity","assetBundleId":-1,"data":["SampleScene",0,1],"objects":[{"id":29026,"path":"Main Camera","assetBundleId":0,"components":[{"type":0,"id":29030,"data":[0.5625,1,5,0.192156866192818,0.301960796117783,0.474509805440903,1,0.300000011920929,1000,60,-1,2,-1,[0,0,1,1],null,null,0,50,36,24,0,0,2,0,1,1]},{"type":1,"id":29028,"data":[]},{"type":2,"id":29034,"enabled":1,"class":3,"data":["","",0]},{"type":2,"id":29036,"enabled":1,"class":4,"data":[6,5,0.449999988079071,0.800000011920929,2.15000009536743,0.899999976158142,0.0799999982118607,0.119999997317791,35,12,0,0,0,0.603921592235565,0.0500000007450581,0.0700000002980232,0.119999997317791,0.850000023841858,0.720000028610229,0.779999971389771,0.899999976158142,0.400000005960464,[0.899999976158142,0.330000013113022,0.300000011920929,1,0.25,0.660000026226044,0.949999988079071,1,0.419999986886978,0.860000014305115,0.419999986886978,1,0.930000007152557,0.819999992847443,0.310000002384186,1,0.699999988079071,0.479999989271164,0.959999978542328,1,0.959999978542328,0.569999992847443,0.810000002384186,1],[5,28434,5,28434,5,28434,5,28434,5,28434,5,28434],null,null,1,0,1]}],"children":[],"data":["Main Camera",4,1,0,0]}],"render_settings":{"data":[1,1,3,0.211999997496605,0.226999998092651,0.25900000333786,1,0.211999997496605,0.226999998092651,0.25900000333786,1,0.0469999983906746,0.0430000014603138,0.0350000001490116,1,0.114000000059605,0.125,0.133000001311302,1,0.5,0.5,0.5,1,300,0,0.00999999977648258,0,null,null,3,[],[[0,0],[0,0],[0,0],[0,0],[0,0],[0,0]],1,2,1,[0.03696759,0,0,0,0,0,0,0,0,0.04214946,0,0,0,0,0,0,0,0,0.05455384,0,0,0,0,0,0,0,0],[0,0,0,0,0,0,0,0,0,0,0,0,0,0,0,0,0,0,0,0,0,0,0,0,0,0,0],0,null,null,null,null,0,128,0,4,0,0,1]},"transform_ids":[29032],"local_positions":[0,0,-10],"local_rotations":[0,0,0,1],"local_scales":[1,1,1],"shaders":[48,32,28,26],"transforms":{"marker":[0,40],"count":1,"offsets":{"positions":0,"rotations":3,"scales":7}},"transformsIds":{"marker":[40,4],"offsets":{"indices":0}}}],"scriptable-objects":[{"id":10856,"path":"Assets/SVC_Luna.asset","name":"SVC_Luna","assetBundleId":-1,"class":10,"data":[3,[[9,6,48,0,0,0,0,[]],[9,6,32,0,0,0,0,[]],[9,6,32,0,1,0,0,[]],[9,6,32,0,2,0,0,[]],[9,6,28,0,0,0,0,[]],[9,6,28,0,0,0,0,["UNITY_UI_ALPHACLIP"]],[9,6,28,0,0,0,0,["UNITY_UI_CLIP_RECT"]],[9,6,28,0,0,0,0,["UNITY_UI_ALPHACLIP","UNITY_UI_CLIP_RECT"]]],[[5,6,26,0,0,0,0,[]],[9,6,26,0,0,0,0,[]]],[],[],"165",[],[],0,[0,0,0,0,0,0,0,0,0]]},{"id":27646,"path":"Assets/InputSystem_Actions.inputactions","name":"Player/Sprint","assetBundleId":-1,"class":9,"data":[8,484,"641cd816-40e6-41b4-8c3d-04687c349290"]},{"id":27648,"path":"Assets/InputSystem_Actions.inputactions","name":"Player/Look","assetBundleId":-1,"class":9,"data":[8,484,"6b444451-8a00-4d00-a97e-f47457f736a8"]},{"id":27644,"path":"Assets/InputSystem_Actions.inputactions","name":"UI/Navigate","assetBundleId":-1,"class":9,"data":[8,484,"c95b2375-e6d9-4b88-9c4c-c5e76515df4b"]},{"id":27650,"path":"Assets/InputSystem_Actions.inputactions","name":"Player/Interact","assetBundleId":-1,"class":9,"data":[8,484,"852140f2-7766-474d-8707-702459ba45f3"]},{"id":27652,"path":"Assets/InputSystem_Actions.inputactions","name":"UI/RightClick","assetBundleId":-1,"class":9,"data":[8,484,"44b200b1-1557-4083-816c-b22cbdf77ddf"]},{"id":27654,"path":"Assets/InputSystem_Actions.inputactions","name":"Player/Previous","assetBundleId":-1,"class":9,"data":[8,484,"2776c80d-3c14-4091-8c56-d04ced07a2b0"]},{"id":27662,"path":"Assets/InputSystem_Actions.inputactions","name":"Player/Move","assetBundleId":-1,"class":9,"data":[8,484,"351f2ccd-1f9f-44bf-9bec-d62ac5c5f408"]},{"id":27656,"path":"Assets/InputSystem_Actions.inputactions","name":"UI/MiddleClick","assetBundleId":-1,"class":9,"data":[8,484,"dad70c86-b58c-4b17-88ad-f5e53adf419e"]},{"id":27658,"path":"Assets/InputSystem_Actions.inputactions","name":"Player/Jump","assetBundleId":-1,"class":9,"data":[8,484,"f1ba0d36-48eb-4cd5-b651-1c94a6531f70"]},{"id":27660,"path":"Assets/InputSystem_Actions.inputactions","name":"UI/Cancel","assetBundleId":-1,"class":9,"data":[8,484,"15cef263-9014-4fd5-94d9-4e4a6234a6ef"]},{"id":27664,"path":"Assets/InputSystem_Actions.inputactions","name":"UI/Point","assetBundleId":-1,"class":9,"data":[8,484,"32b35790-4ed0-4e9a-aa41-69ac6d629449"]},{"id":27666,"path":"Assets/InputSystem_Actions.inputactions","name":"Player/Move","assetBundleId":-1,"class":9,"data":[8,484,"351f2ccd-1f9f-44bf-9bec-d62ac5c5f408"]},{"id":27670,"path":"Assets/InputSystem_Actions.inputactions","name":"Player/Jump","assetBundleId":-1,"class":9,"data":[8,484,"f1ba0d36-48eb-4cd5-b651-1c94a6531f70"]},{"id":27674,"path":"Assets/InputSystem_Actions.inputactions","name":"Player/Next","assetBundleId":-1,"class":9,"data":[8,484,"b7230bb6-fc9b-4f52-8b25-f5e19cb2c2ba"]},{"id":27672,"path":"Assets/InputSystem_Actions.inputactions","name":"UI/Submit","assetBundleId":-1,"class":9,"data":[8,484,"7607c7b6-cd76-4816-beef-bd0341cfe950"]},{"id":27676,"path":"Assets/InputSystem_Actions.inputactions","name":"UI/TrackedDeviceOrientation","assetBundleId":-1,"class":9,"data":[8,484,"9caa3d8a-6b2f-4e8e-8bad-6ede561bd9be"]},{"id":27678,"path":"Assets/InputSystem_Actions.inputactions","name":"UI/Point","assetBundleId":-1,"class":9,"data":[8,484,"32b35790-4ed0-4e9a-aa41-69ac6d629449"]},{"id":27680,"path":"Assets/InputSystem_Actions.inputactions","name":"Player/Attack","assetBundleId":-1,"class":9,"data":[8,484,"6c2ab1b8-8984-453a-af3d-a3c78ae1679a"]},{"id":27682,"path":"Assets/InputSystem_Actions.inputactions","name":"Player/Interact","assetBundleId":-1,"class":9,"data":[8,484,"852140f2-7766-474d-8707-702459ba45f3"]},{"id":27684,"path":"Assets/InputSystem_Actions.inputactions","name":"Player/Attack","assetBundleId":-1,"class":9,"data":[8,484,"6c2ab1b8-8984-453a-af3d-a3c78ae1679a"]},{"id":27686,"path":"Assets/InputSystem_Actions.inputactions","name":"UI/Submit","assetBundleId":-1,"class":9,"data":[8,484,"7607c7b6-cd76-4816-beef-bd0341cfe950"]},{"id":27688,"path":"Assets/InputSystem_Actions.inputactions","name":"Player/Previous","assetBundleId":-1,"class":9,"data":[8,484,"2776c80d-3c14-4091-8c56-d04ced07a2b0"]},{"id":27692,"path":"Assets/InputSystem_Actions.inputactions","name":"UI/MiddleClick","assetBundleId":-1,"class":9,"data":[8,484,"dad70c86-b58c-4b17-88ad-f5e53adf419e"]},{"id":27690,"path":"Assets/InputSystem_Actions.inputactions","name":"UI/Click","assetBundleId":-1,"class":9,"data":[8,484,"3c7022bf-7922-4f7c-a998-c437916075ad"]},{"id":27694,"path":"Assets/InputSystem_Actions.inputactions","name":"UI/Navigate","assetBundleId":-1,"class":9,"data":[8,484,"c95b2375-e6d9-4b88-9c4c-c5e76515df4b"]},{"id":27696,"path":"Assets/InputSystem_Actions.inputactions","name":"UI/RightClick","assetBundleId":-1,"class":9,"data":[8,484,"44b200b1-1557-4083-816c-b22cbdf77ddf"]},{"id":27700,"path":"Assets/InputSystem_Actions.inputactions","name":"UI/TrackedDevicePosition","assetBundleId":-1,"class":9,"data":[8,484,"24908448-c609-4bc3-a128-ea258674378a"]},{"id":27704,"path":"Assets/InputSystem_Actions.inputactions","name":"UI/ScrollWheel","assetBundleId":-1,"class":9,"data":[8,484,"0489e84a-4833-4c40-bfae-cea84b696689"]},{"id":27702,"path":"Assets/InputSystem_Actions.inputactions","name":"Player/Crouch","assetBundleId":-1,"class":9,"data":[8,484,"27c5f898-bc57-4ee1-8800-db469aca5fe3"]},{"id":27698,"path":"Assets/InputSystem_Actions.inputactions","name":"UI/ScrollWheel","assetBundleId":-1,"class":9,"data":[8,484,"0489e84a-4833-4c40-bfae-cea84b696689"]},{"id":27706,"path":"Assets/InputSystem_Actions.inputactions","name":"UI/TrackedDevicePosition","assetBundleId":-1,"class":9,"data":[8,484,"24908448-c609-4bc3-a128-ea258674378a"]},{"id":27708,"path":"Assets/InputSystem_Actions.inputactions","name":"Player/Look","assetBundleId":-1,"class":9,"data":[8,484,"6b444451-8a00-4d00-a97e-f47457f736a8"]},{"id":27712,"path":"Assets/InputSystem_Actions.inputactions","name":"Player/Next","assetBundleId":-1,"class":9,"data":[8,484,"b7230bb6-fc9b-4f52-8b25-f5e19cb2c2ba"]},{"id":27714,"path":"Assets/InputSystem_Actions.inputactions","name":"UI/Cancel","assetBundleId":-1,"class":9,"data":[8,484,"15cef263-9014-4fd5-94d9-4e4a6234a6ef"]},{"id":27716,"path":"Assets/InputSystem_Actions.inputactions","name":"UI/TrackedDeviceOrientation","assetBundleId":-1,"class":9,"data":[8,484,"9caa3d8a-6b2f-4e8e-8bad-6ede561bd9be"]},{"id":27718,"path":"Assets/InputSystem_Actions.inputactions","name":"Player/Sprint","assetBundleId":-1,"class":9,"data":[8,484,"641cd816-40e6-41b4-8c3d-04687c349290"]},{"id":27720,"path":"Assets/InputSystem_Actions.inputactions","name":"UI/Click","assetBundleId":-1,"class":9,"data":[8,484,"3c7022bf-7922-4f7c-a998-c437916075ad"]},{"id":27710,"path":"Assets/InputSystem_Actions.inputactions","name":"Player/Crouch","assetBundleId":-1,"class":9,"data":[8,484,"27c5f898-bc57-4ee1-8800-db469aca5fe3"]},{"id":484,"path":"Assets/InputSystem_Actions.inputactions","name":"InputSystem_Actions","assetBundleId":-1,"class":8,"data":[[["Player","df70fa95-8a34-4494-b137-73ab6b9c7d37",8,484,[["Move",0,"Vector2","351f2ccd-1f9f-44bf-9bec-d62ac5c5f408","","",[],1],["Look",0,"Vector2","6b444451-8a00-4d00-a97e-f47457f736a8","","",[],1],["Attack",1,"Button","6c2ab1b8-8984-453a-af3d-a3c78ae1679a","","",[],0],["Interact",1,"Button","852140f2-7766-474d-8707-702459ba45f3","","Hold",[],0],["Crouch",1,"Button","27c5f898-bc57-4ee1-8800-db469aca5fe3","","",[],0],["Jump",1,"Button","f1ba0d36-48eb-4cd5-b651-1c94a6531f70","","",[],0],["Previous",1,"Button","2776c80d-3c14-4091-8c56-d04ced07a2b0","","",[],0],["Next",1,"Button","b7230bb6-fc9b-4f52-8b25-f5e19cb2c2ba","","",[],0],["Sprint",1,"Button","641cd816-40e6-41b4-8c3d-04687c349290","","",[],0]],[["","978bfe49-cc26-4a3d-ab7b-7d7a29327403","<Gamepad>/leftStick","","",";Gamepad","Move",0],["WASD","00ca640b-d935-4593-8157-c05846ea39b3","Dpad","","","","Move",4],["up","e2062cb9-1b15-46a2-838c-2f8d72a0bdd9","<Keyboard>/w","","",";Keyboard&Mouse","Move",8],["up","8180e8bd-4097-4f4e-ab88-4523101a6ce9","<Keyboard>/upArrow","","",";Keyboard&Mouse","Move",8],["down","320bffee-a40b-4347-ac70-c210eb8bc73a","<Keyboard>/s","","",";Keyboard&Mouse","Move",8],["down","1c5327b5-f71c-4f60-99c7-4e737386f1d1","<Keyboard>/downArrow","","",";Keyboard&Mouse","Move",8],["left","d2581a9b-1d11-4566-b27d-b92aff5fabbc","<Keyboard>/a","","",";Keyboard&Mouse","Move",8],["left","2e46982e-44cc-431b-9f0b-c11910bf467a","<Keyboard>/leftArrow","","",";Keyboard&Mouse","Move",8],["right","fcfe95b8-67b9-4526-84b5-5d0bc98d6400","<Keyboard>/d","","",";Keyboard&Mouse","Move",8],["right","77bff152-3580-4b21-b6de-dcd0c7e41164","<Keyboard>/rightArrow","","",";Keyboard&Mouse","Move",8],["","1635d3fe-58b6-4ba9-a4e2-f4b964f6b5c8","<XRController>/{Primary2DAxis}","","","XR","Move",0],["","3ea4d645-4504-4529-b061-ab81934c3752","<Joystick>/stick","","","Joystick","Move",0],["","c1f7a91b-d0fd-4a62-997e-7fb9b69bf235","<Gamepad>/rightStick","","",";Gamepad","Look",0],["","8c8e490b-c610-4785-884f-f04217b23ca4","<Pointer>/delta","","",";Keyboard&Mouse;Touch","Look",0],["","3e5f5442-8668-4b27-a940-df99bad7e831","<Joystick>/{Hatswitch}","","","Joystick","Look",0],["","143bb1cd-cc10-4eca-a2f0-a3664166fe91","<Gamepad>/buttonWest","","",";Gamepad","Attack",0],["","05f6913d-c316-48b2-a6bb-e225f14c7960","<Mouse>/leftButton","","",";Keyboard&Mouse","Attack",0],["","886e731e-7071-4ae4-95c0-e61739dad6fd","<Touchscreen>/primaryTouch/tap","","",";Touch","Attack",0],["","ee3d0cd2-254e-47a7-a8cb-bc94d9658c54","<Joystick>/trigger","","","Joystick","Attack",0],["","8255d333-5683-4943-a58a-ccb207ff1dce","<XRController>/{PrimaryAction}","","","XR","Attack",0],["","b3c1c7f0-bd20-4ee7-a0f1-899b24bca6d7","<Keyboard>/enter","","","Keyboard&Mouse","Attack",0],["","cbac6039-9c09-46a1-b5f2-4e5124ccb5ed","<Keyboard>/2","","","Keyboard&Mouse","Next",0],["","e15ca19d-e649-4852-97d5-7fe8ccc44e94","<Gamepad>/dpad/right","","","Gamepad","Next",0],["","f2e9ba44-c423-42a7-ad56-f20975884794","<Keyboard>/leftShift","","","Keyboard&Mouse","Sprint",0],["","8cbb2f4b-a784-49cc-8d5e-c010b8c7f4e6","<Gamepad>/leftStickPress","","","Gamepad","Sprint",0],["","d8bf24bf-3f2f-4160-a97c-38ec1eb520ba","<XRController>/trigger","","","XR","Sprint",0],["","eb40bb66-4559-4dfa-9a2f-820438abb426","<Keyboard>/space","","","Keyboard&Mouse","Jump",0],["","daba33a1-ad0c-4742-a909-43ad1cdfbeb6","<Gamepad>/buttonSouth","","","Gamepad","Jump",0],["","603f3daf-40bd-4854-8724-93e8017f59e3","<XRController>/secondaryButton","","","XR","Jump",0],["","1534dc16-a6aa-499d-9c3a-22b47347b52a","<Keyboard>/1","","","Keyboard&Mouse","Previous",0],["","25060bbd-a3a6-476e-8fba-45ae484aad05","<Gamepad>/dpad/left","","","Gamepad","Previous",0],["","1c04ea5f-b012-41d1-a6f7-02e963b52893","<Keyboard>/e","","","Keyboard&Mouse","Interact",0],["","b3f66d0b-7751-423f-908b-a11c5bd95930","<Gamepad>/buttonNorth","","","Gamepad","Interact",0],["","4f4649ac-64a8-4a73-af11-b3faef356a4d","<Gamepad>/buttonEast","","","Gamepad","Crouch",0],["","36e52cba-0905-478e-a818-f4bfcb9f3b9a","<Keyboard>/c","","","Keyboard&Mouse","Crouch",0]]],["UI","272f6d14-89ba-496f-b7ff-215263d3219f",8,484,[["Navigate",2,"Vector2","c95b2375-e6d9-4b88-9c4c-c5e76515df4b","","",[],0],["Submit",1,"Button","7607c7b6-cd76-4816-beef-bd0341cfe950","","",[],0],["Cancel",1,"Button","15cef263-9014-4fd5-94d9-4e4a6234a6ef","","",[],0],["Point",2,"Vector2","32b35790-4ed0-4e9a-aa41-69ac6d629449","","",[],1],["Click",2,"Button","3c7022bf-7922-4f7c-a998-c437916075ad","","",[],1],["RightClick",2,"Button","44b200b1-1557-4083-816c-b22cbdf77ddf","","",[],0],["MiddleClick",2,"Button","dad70c86-b58c-4b17-88ad-f5e53adf419e","","",[],0],["ScrollWheel",2,"Vector2","0489e84a-4833-4c40-bfae-cea84b696689","","",[],0],["TrackedDevicePosition",2,"Vector3","24908448-c609-4bc3-a128-ea258674378a","","",[],0],["TrackedDeviceOrientation",2,"Quaternion","9caa3d8a-6b2f-4e8e-8bad-6ede561bd9be","","",[],0]],[["Gamepad","809f371f-c5e2-4e7a-83a1-d867598f40dd","2DVector","","","","Navigate",4],["up","14a5d6e8-4aaf-4119-a9ef-34b8c2c548bf","<Gamepad>/leftStick/up","","",";Gamepad","Navigate",8],["up","9144cbe6-05e1-4687-a6d7-24f99d23dd81","<Gamepad>/rightStick/up","","",";Gamepad","Navigate",8],["down","2db08d65-c5fb-421b-983f-c71163608d67","<Gamepad>/leftStick/down","","",";Gamepad","Navigate",8],["down","58748904-2ea9-4a80-8579-b500e6a76df8","<Gamepad>/rightStick/down","","",";Gamepad","Navigate",8],["left","8ba04515-75aa-45de-966d-393d9bbd1c14","<Gamepad>/leftStick/left","","",";Gamepad","Navigate",8],["left","712e721c-bdfb-4b23-a86c-a0d9fcfea921","<Gamepad>/rightStick/left","","",";Gamepad","Navigate",8],["right","fcd248ae-a788-4676-a12e-f4d81205600b","<Gamepad>/leftStick/right","","",";Gamepad","Navigate",8],["right","1f04d9bc-c50b-41a1-bfcc-afb75475ec20","<Gamepad>/rightStick/right","","",";Gamepad","Navigate",8],["","fb8277d4-c5cd-4663-9dc7-ee3f0b506d90","<Gamepad>/dpad","","",";Gamepad","Navigate",0],["Joystick","e25d9774-381c-4a61-b47c-7b6b299ad9f9","2DVector","","","","Navigate",4],["up","3db53b26-6601-41be-9887-63ac74e79d19","<Joystick>/stick/up","","","Joystick","Navigate",8],["down","0cb3e13e-3d90-4178-8ae6-d9c5501d653f","<Joystick>/stick/down","","","Joystick","Navigate",8],["left","0392d399-f6dd-4c82-8062-c1e9c0d34835","<Joystick>/stick/left","","","Joystick","Navigate",8],["right","942a66d9-d42f-43d6-8d70-ecb4ba5363bc","<Joystick>/stick/right","","","Joystick","Navigate",8],["Keyboard","ff527021-f211-4c02-933e-5976594c46ed","2DVector","","","","Navigate",4],["up","563fbfdd-0f09-408d-aa75-8642c4f08ef0","<Keyboard>/w","","","Keyboard&Mouse","Navigate",8],["up","eb480147-c587-4a33-85ed-eb0ab9942c43","<Keyboard>/upArrow","","","Keyboard&Mouse","Navigate",8],["down","2bf42165-60bc-42ca-8072-8c13ab40239b","<Keyboard>/s","","","Keyboard&Mouse","Navigate",8],["down","85d264ad-e0a0-4565-b7ff-1a37edde51ac","<Keyboard>/downArrow","","","Keyboard&Mouse","Navigate",8],["left","74214943-c580-44e4-98eb-ad7eebe17902","<Keyboard>/a","","","Keyboard&Mouse","Navigate",8],["left","cea9b045-a000-445b-95b8-0c171af70a3b","<Keyboard>/leftArrow","","","Keyboard&Mouse","Navigate",8],["right","8607c725-d935-4808-84b1-8354e29bab63","<Keyboard>/d","","","Keyboard&Mouse","Navigate",8],["right","4cda81dc-9edd-4e03-9d7c-a71a14345d0b","<Keyboard>/rightArrow","","","Keyboard&Mouse","Navigate",8],["","9e92bb26-7e3b-4ec4-b06b-3c8f8e498ddc","*/{Submit}","","","Keyboard&Mouse;Gamepad;Touch;Joystick;XR","Submit",0],["","82627dcc-3b13-4ba9-841d-e4b746d6553e","*/{Cancel}","","","Keyboard&Mouse;Gamepad;Touch;Joystick;XR","Cancel",0],["","c52c8e0b-8179-41d3-b8a1-d149033bbe86","<Mouse>/position","","","Keyboard&Mouse","Point",0],["","e1394cbc-336e-44ce-9ea8-6007ed6193f7","<Pen>/position","","","Keyboard&Mouse","Point",0],["","5693e57a-238a-46ed-b5ae-e64e6e574302","<Touchscreen>/touch*/position","","","Touch","Point",0],["","4faf7dc9-b979-4210-aa8c-e808e1ef89f5","<Mouse>/leftButton","","",";Keyboard&Mouse","Click",0],["","8d66d5ba-88d7-48e6-b1cd-198bbfef7ace","<Pen>/tip","","",";Keyboard&Mouse","Click",0],["","47c2a644-3ebc-4dae-a106-589b7ca75b59","<Touchscreen>/touch*/press","","","Touch","Click",0],["","bb9e6b34-44bf-4381-ac63-5aa15d19f677","<XRController>/trigger","","","XR","Click",0],["","38c99815-14ea-4617-8627-164d27641299","<Mouse>/scroll","","",";Keyboard&Mouse","ScrollWheel",0],["","4c191405-5738-4d4b-a523-c6a301dbf754","<Mouse>/rightButton","","","Keyboard&Mouse","RightClick",0],["","24066f69-da47-44f3-a07e-0015fb02eb2e","<Mouse>/middleButton","","","Keyboard&Mouse","MiddleClick",0],["","7236c0d9-6ca3-47cf-a6ee-a97f5b59ea77","<XRController>/devicePosition","","","XR","TrackedDevicePosition",0],["","23e01e3a-f935-4948-8d8b-9bcac77714fb","<XRController>/deviceRotation","","","XR","TrackedDeviceOrientation",0]]]],[["Keyboard&Mouse","Keyboard&Mouse",[["<Keyboard>",0],["<Mouse>",0]]],["Gamepad","Gamepad",[["<Gamepad>",0]]],["Touch","Touch",[["<Touchscreen>",0]]],["Joystick","Joystick",[["<Joystick>",0]]],["XR","XR",[["<XRController>",0]]]],0]}],"shaders":[{"id":32,"assetBundleId":-1,"data":[[],"Hidden/InternalErrorShader",null,[],[[0,0,"",0,"",0,[4,null],[1,null],[2,null],[[1,null],[0,null],[0,null]],[[1,null],[0,null],[0,null]],[15,null],[0,null],[0,null],[0,null],[255,null],[255,null],[[0,null],[0,null],[0,null],[8,null]],[[0,null],[0,null],[0,null],[8,null]],[[0,null],[0,null],[0,null],[8,null]],[],[],[],[],[],0],[1,0,"DepthNormalsOnly",0,"",0,[4,null],[1,null],[2,null],[[1,null],[0,null],[0,null]],[[1,null],[0,null],[0,null]],[0,null],[0,null],[0,null],[0,null],[255,null],[255,null],[[0,null],[0,null],[0,null],[8,null]],[[0,null],[0,null],[0,null],[8,null]],[[0,null],[0,null],[0,null],[8,null]],[["LIGHTMODE","DepthNormalsOnly"]],[],[],[],[],0],[2,0,"DepthOnly",13,"",0,[4,null],[1,null],[2,null],[[1,null],[0,null],[0,null]],[[1,null],[0,null],[0,null]],[0,null],[0,null],[0,null],[0,null],[255,null],[255,null],[[0,null],[0,null],[0,null],[8,null]],[[0,null],[0,null],[0,null],[8,null]],[[0,null],[0,null],[0,null],[8,null]],[["LIGHTMODE","DepthOnly"]],[],[],[],[],0]],[],[],null,null,0,1,0,0,0]}],"sprites":[{"id":28434,"path":"Assets/Sprites/round.png","assetBundleId":-1,"data":["ChatGPT Image Feb 10, 2026, 03_57_12 PM_0",7,28432,[0,0,0,3.95,3.835,0],[-3.95,3.835,0,0.1132813,0.8759766,3.95,3.835,0,0.8847656,0.8759766,-3.95,-3.835,0,0.1132813,0.1269531,3.95,-3.835,0,0.8847656,0.1269531],[0,1,2,2,1,3],0.11328125,0.126953125,0.884765625,0.8759765625,0.11328125,0.126953125,0.884765625,0.8759765625,0,0,0,0,[0.1132813,0.1269531,-0.1132813,-0.1269531],[-3.95,-3.835,3.95,3.835],100,1024,1024,790,767,395,383.5,0,0]},{"id":27642,"path":"Assets/Sprites/ChatGPT Image Feb 6, 2026, 05_53_03 PM.png","assetBundleId":-1,"data":["ChatGPT Image Feb 6, 2026, 05_53_03 PM_0",7,27576,[0,0,0,5.12,7.68,0],[-5.12,7.68,0,0,1,5.12,7.68,0,1,1,-5.12,-7.68,0,0,0,5.12,-7.68,0,1,0],[0,1,2,2,1,3],0,0,1,1,0,0,1,1,0,0,0,0,[0,0,0,0],[-5.12,-7.68,5.12,7.68],100,1024,1536,1024,1536,512,768,0,0]}],"textures":[{"id":27576,"type":0,"path":"Assets/Sprites/ChatGPT Image Feb 6, 2026, 05_53_03 PM.png","assetBundleId":-1,"data":["ChatGPT Image Feb 6, 2026, 05_53_03 PM",341,512,1,1,1,0,10,1,1,1,97,0,0,1,1],"ext":".jpeg"},{"id":28432,"type":0,"path":"Assets/Sprites/round.png","assetBundleId":-1,"data":["round",512,512,1,1,1,0,12,1,1,1,101,0,0,1,1]}]}