{"title":"Fish","icon":null,"fields":{"PlayworksComplianceHooks":{"iosStoreUrl":{"id":null,"title":"iOS Store URL","type":"string","defaultValue":[""],"constraints":{},"live":0,"section":"CTA","order":0,"localization":0,"options":{}},"androidStoreUrl":{"id":null,"title":"Android Store URL","type":"string","defaultValue":[""],"constraints":{},"live":0,"section":"CTA","order":1,"localization":0,"options":{}},"defaultLevel":{"id":null,"title":"Default Level","type":"int32","defaultValue":1,"constraints":{},"live":0,"section":"Gameplay","order":2,"localization":0,"options":{}}}},"assets":{},"sections":[],"preloader":{"fields":{"System.String":{"Playable Name":{"id":"parameter\/preloader\/name","title":"Playable Name","type":"string","defaultValue":[null],"constraints":{},"live":0,"section":"Preloader","order":1,"localization":0,"options":{}}},"UnityEngine.Color":{"Background Color":{"id":"parameter\/preloader\/color","title":"Background Color","type":"color","defaultValue":[0,0,0,1],"constraints":{},"live":0,"section":"Preloader","order":2,"localization":0,"options":{}}}},"assets":{"":{"id":"asset\/preloader\/icon","title":"","type":"texture","section":"Preloader","order":0}},"sections":[{"title":"Preloader","order":0,"fixed":1}]},"filters":{"fields":{"System.Int32":{"Brightness":{"id":"parameter\/filter\/brightness","title":"Brightness","type":"int32","defaultValue":100,"constraints":{"value_min":0,"value_max":200},"live":1,"section":"Filter Settings","order":1,"localization":0,"options":{}},"Saturate":{"id":"parameter\/filter\/saturate","title":"Saturate","type":"int32","defaultValue":100,"constraints":{"value_min":0,"value_max":200},"live":1,"section":"Filter Settings","order":2,"localization":0,"options":{}},"Contrast":{"id":"parameter\/filter\/contrast","title":"Contrast","type":"int32","defaultValue":100,"constraints":{"value_min":0,"value_max":200},"live":1,"section":"Filter Settings","order":3,"localization":0,"options":{}},"Sepia":{"id":"parameter\/filter\/sepia","title":"Sepia","type":"int32","defaultValue":0,"constraints":{"value_min":0,"value_max":100},"live":1,"section":"Filter Settings","order":4,"localization":0,"options":{}},"Grayscale":{"id":"parameter\/filter\/grayscale","title":"Grayscale","type":"int32","defaultValue":0,"constraints":{"value_min":0,"value_max":100},"live":1,"section":"Filter Settings","order":5,"localization":0,"options":{}},"Hue Rotate":{"id":"parameter\/filter\/hue-rotate","title":"Hue Rotate","type":"int32","defaultValue":0,"constraints":{"value_min":0,"value_max":360},"live":1,"section":"Filter Settings","order":6,"localization":0,"options":{}}}},"sections":[{"title":"Filter Settings","order":0,"fixed":1}]},"buildId":"8d7f7e88-5915-4548-aece-0bc4c0bc029a"}